movie_id,movie_name,duration,age_rating,movie_type,status,synopsis,release_year
1002,Foster Brothers,124,PG-13,Movie,Now showing,Lorem ipsum dolor sit amet,consectetuer adipiscing elit. Proin risus. Praesent lectus.,2004
1005,Tom Horn,202,R,Movie,Now showing,Lorem ipsum dolor sit amet,consectetuer adipiscing elit. Proin risus. Praesent lectus.,2007
1006,Die! Die! My Darling! (Fanatic),214,PG-13,Anime,Coming soon,Maecenas leo odio,condimentum id,luctus nec,molestie sed,justo. Pellentesque viverra pede ac diam. Cras pellentesque volutpat dui.,2009
1008,Dreamboat,207,R,Movie,Now showing,Morbi non lectus. Aliquam sit amet diam in magna bibendum imperdiet. Nullam orci pede,venenatis non,sodales sed,tincidunt eu,felis.,2000
1010,Last Run,189,R,Anime,Coming soon,Quisque porta volutpat erat. Quisque erat eros,viverra eget,congue eget,semper rutrum,nulla. Nunc purus.,1999
1012,Guyver,The,156,PG-13,Movie,Coming soon,Morbi non lectus. Aliquam sit amet diam in magna bibendum imperdiet. Nullam orci pede,venenatis non,sodales sed,tincidunt eu,felis.,2012
1013,Last Summer in the Hamptons,235,X,Anime,Coming soon,Aliquam quis turpis eget elit sodales scelerisque. Mauris sit amet eros. Suspendisse accumsan tortor quis turpis.,2007
1017,Staying Alive,139,R,Drama,Coming soon,Morbi porttitor lorem id ligula. Suspendisse ornare consequat lectus. In est risus,auctor sed,tristique in,tempus sit amet,sem.,2003
1018,Mighty,The,112,PG,K-Drama,Now showing,Sed ante. Vivamus tortor. Duis mattis egestas metus.,2011
1021,Dunwich Horror,The,183,PG-13,Anime,Now showing,Nullam sit amet turpis elementum ligula vehicula consequat. Morbi a ipsum. Integer a nibh.,2006
1024,Flim-Flam Man,The,141,PG,Anime,Now showing,In hac habitasse platea dictumst. Morbi vestibulum,velit id pretium iaculis,diam erat fermentum justo,nec condimentum neque sapien placerat ante. Nulla justo.,1991
1032,Prophecy 3: The Ascent,The,232,R,K-Drama,Now showing,Cum sociis natoque penatibus et magnis dis parturient montes,nascetur ridiculus mus. Vivamus vestibulum sagittis sapien. Cum sociis natoque penatibus et magnis dis parturient montes,nascetur ridiculus mus.,2010
1036,Akira,181,PG-13,K-Drama,Now showing,Sed ante. Vivamus tortor. Duis mattis egestas metus.,2008
1037,Journey to the Beginning of Time,170,R,Anime,Now showing,Maecenas tristique,est et tempus semper,est quam pharetra magna,ac consequat metus sapien ut nunc. Vestibulum ante ipsum primis in faucibus orci luctus et ultrices posuere cubilia Curae; Mauris viverra diam vitae quam. Suspendisse potenti.,1993
1040,Poltergeist III,212,X,Anime,Now showing,Duis bibendum,felis sed interdum venenatis,turpis enim blandit mi,in porttitor pede justo eu massa. Donec dapibus. Duis at velit eu est congue elementum.,2008
1041,Beau Geste,168,R,Drama,Now showing,Vestibulum quam sapien,varius ut,blandit non,interdum in,ante. Vestibulum ante ipsum primis in faucibus orci luctus et ultrices posuere cubilia Curae; Duis faucibus accumsan odio. Curabitur convallis.,2009
1049,My Friend Henry (Ystäväni Henry),200,G,Drama,Now showing,Vestibulum quam sapien,varius ut,blandit non,interdum in,ante. Vestibulum ante ipsum primis in faucibus orci luctus et ultrices posuere cubilia Curae; Duis faucibus accumsan odio. Curabitur convallis.,2001
1051,Babylon 5: The Lost Tales - Voices in the Dark,122,G,Anime,Coming soon,Proin leo odio,porttitor id,consequat in,consequat ut,nulla. Sed accumsan felis. Ut at dolor quis odio consequat varius.,1993
1055,Man Who Knew Too Little,The,207,PG,K-Drama,Coming soon,In sagittis dui vel nisl. Duis ac nibh. Fusce lacus purus,aliquet at,feugiat non,pretium quis,lectus.,1993
1058,Zatoichi in Desperation (Shin Zatôichi monogatari: Oreta tsue) (Zatôichi 24),138,PG,K-Drama,Now showing,Morbi porttitor lorem id ligula. Suspendisse ornare consequat lectus. In est risus,auctor sed,tristique in,tempus sit amet,sem.,1993
1059,Eye of God,157,PG-13,Drama,Coming soon,Praesent blandit. Nam nulla. Integer pede justo,lacinia eget,tincidunt eget,tempus vel,pede.,2005
1065,Battle: Los Angeles,230,PG-13,Drama,Now showing,Cras non velit nec nisi vulputate nonummy. Maecenas tincidunt lacus at velit. Vivamus vel nulla eget eros elementum pellentesque.,1993
1066,Open Water,125,X,Movie,Coming soon,Praesent id massa id nisl venenatis lacinia. Aenean sit amet justo. Morbi ut odio.,2004
1069,Crowd Roars,The,239,G,Movie,Now showing,Integer tincidunt ante vel ipsum. Praesent blandit lacinia erat. Vestibulum sed magna at nunc commodo placerat.,2010
1071,Deadtime Stories,204,PG,Drama,Now showing,Morbi porttitor lorem id ligula. Suspendisse ornare consequat lectus. In est risus,auctor sed,tristique in,tempus sit amet,sem.,2011
1072,Days of Heaven,210,G,Movie,Now showing,In hac habitasse platea dictumst. Etiam faucibus cursus urna. Ut tellus.,2000
1073,Day Without a Mexican,A,200,G,K-Drama,Coming soon,Integer ac leo. Pellentesque ultrices mattis odio. Donec vitae nisi.,1984
1074,Cold Creek Manor,232,PG,Drama,Coming soon,Proin interdum mauris non ligula pellentesque ultrices. Phasellus id sapien in sapien iaculis congue. Vivamus metus arcu,adipiscing molestie,hendrerit at,vulputate vitae,nisl.,1997
1075,The Disappearance of Eleanor Rigby: Her,136,PG,Drama,Now showing,Vestibulum quam sapien,varius ut,blandit non,interdum in,ante. Vestibulum ante ipsum primis in faucibus orci luctus et ultrices posuere cubilia Curae; Duis faucibus accumsan odio. Curabitur convallis.,2005
1077,Being There,119,PG,K-Drama,Now showing,In hac habitasse platea dictumst. Morbi vestibulum,velit id pretium iaculis,diam erat fermentum justo,nec condimentum neque sapien placerat ante. Nulla justo.,2009
1078,Four Weddings and a Funeral,190,PG-13,Reality show,Coming soon,Proin interdum mauris non ligula pellentesque ultrices. Phasellus id sapien in sapien iaculis congue. Vivamus metus arcu,adipiscing molestie,hendrerit at,vulputate vitae,nisl.,2004
1080,Fate Is the Hunter,184,PG-13,Reality show,Now showing,Quisque porta volutpat erat. Quisque erat eros,viverra eget,congue eget,semper rutrum,nulla. Nunc purus.,1987
1083,Rebirth,246,PG-13,Movie,Now showing,Curabitur gravida nisi at nibh. In hac habitasse platea dictumst. Aliquam augue quam,sollicitudin vitae,consectetuer eget,rutrum at,lorem.,2008
1084,Closure,136,R,Drama,Now showing,Aenean lectus. Pellentesque eget nunc. Donec quis orci eget orci vehicula condimentum.,2007
1085,Wendy and Lucy,112,PG-13,Anime,Coming soon,Pellentesque at nulla. Suspendisse potenti. Cras in purus eu magna vulputate luctus.,1992
1087,Everything Relative,176,G,Anime,Coming soon,Lorem ipsum dolor sit amet,consectetuer adipiscing elit. Proin risus. Praesent lectus.,2010
1093,Crocodile Hunter: Collision Course,The,163,G,Drama,Now showing,In congue. Etiam justo. Etiam pretium iaculis justo.,2011
1099,Knock Off,136,R,Movie,Coming soon,Etiam vel augue. Vestibulum rutrum rutrum neque. Aenean auctor gravida sem.,1986
1101,Rock the Boat,125,PG-13,Anime,Now showing,Cum sociis natoque penatibus et magnis dis parturient montes,nascetur ridiculus mus. Vivamus vestibulum sagittis sapien. Cum sociis natoque penatibus et magnis dis parturient montes,nascetur ridiculus mus.,1963
1102,Deep,The,226,X,K-Drama,Now showing,In hac habitasse platea dictumst. Morbi vestibulum,velit id pretium iaculis,diam erat fermentum justo,nec condimentum neque sapien placerat ante. Nulla justo.,1995
1104,Kurt Cobain: Montage of Heck,249,X,Reality show,Coming soon,Lorem ipsum dolor sit amet,consectetuer adipiscing elit. Proin risus. Praesent lectus.,2008
1105,St. Vincent,201,PG-13,Anime,Coming soon,Cras mi pede,malesuada in,imperdiet et,commodo vulputate,justo. In blandit ultrices enim. Lorem ipsum dolor sit amet,consectetuer adipiscing elit.,2006
1107,Chances Are,149,PG,Drama,Now showing,Cras non velit nec nisi vulputate nonummy. Maecenas tincidunt lacus at velit. Vivamus vel nulla eget eros elementum pellentesque.,2006
1113,Rose,The,216,PG,Anime,Coming soon,Nulla ut erat id mauris vulputate elementum. Nullam varius. Nulla facilisi.,1993
1116,Attack of the Puppet People,147,R,K-Drama,Coming soon,Nullam porttitor lacus at turpis. Donec posuere metus vitae ipsum. Aliquam non mauris.,1998
1120,Bloodsucking Pharaohs in Pittsburgh,121,PG,Anime,Coming soon,Nulla ut erat id mauris vulputate elementum. Nullam varius. Nulla facilisi.,2006
1122,Code 46,245,PG,Movie,Now showing,Etiam vel augue. Vestibulum rutrum rutrum neque. Aenean auctor gravida sem.,1996
1123,Liebestraum,159,G,Drama,Coming soon,Nullam sit amet turpis elementum ligula vehicula consequat. Morbi a ipsum. Integer a nibh.,1994
1125,Charlie: The Life and Art of Charles Chaplin,130,G,Movie,Coming soon,Quisque porta volutpat erat. Quisque erat eros,viverra eget,congue eget,semper rutrum,nulla. Nunc purus.,1993
1132,He Died With a Felafel in His Hand,228,X,Movie,Coming soon,Cum sociis natoque penatibus et magnis dis parturient montes,nascetur ridiculus mus. Vivamus vestibulum sagittis sapien. Cum sociis natoque penatibus et magnis dis parturient montes,nascetur ridiculus mus.,2006
1133,Ants in the Pants 2,113,R,Movie,Now showing,Maecenas tristique,est et tempus semper,est quam pharetra magna,ac consequat metus sapien ut nunc. Vestibulum ante ipsum primis in faucibus orci luctus et ultrices posuere cubilia Curae; Mauris viverra diam vitae quam. Suspendisse potenti.,1999
1134,More the Merrier,The,198,PG,Reality show,Coming soon,Mauris enim leo,rhoncus sed,vestibulum sit amet,cursus id,turpis. Integer aliquet,massa id lobortis convallis,tortor risus dapibus augue,vel accumsan tellus nisi eu orci. Mauris lacinia sapien quis libero.,1992
1135,September,169,PG,K-Drama,Coming soon,In hac habitasse platea dictumst. Morbi vestibulum,velit id pretium iaculis,diam erat fermentum justo,nec condimentum neque sapien placerat ante. Nulla justo.,2005
1137,Death and the Maiden,113,PG-13,Drama,Coming soon,Aliquam quis turpis eget elit sodales scelerisque. Mauris sit amet eros. Suspendisse accumsan tortor quis turpis.,1996
1139,Envy (Kiskanmak),152,PG,Reality show,Coming soon,Curabitur at ipsum ac tellus semper interdum. Mauris ullamcorper purus sit amet nulla. Quisque arcu libero,rutrum ac,lobortis vel,dapibus at,diam.,2000
1142,Fifty Shades of Grey,154,R,Reality show,Now showing,Sed ante. Vivamus tortor. Duis mattis egestas metus.,1992
1151,Miracles,114,PG,Reality show,Now showing,Aenean fermentum. Donec ut mauris eget massa tempor convallis. Nulla neque libero,convallis eget,eleifend luctus,ultricies eu,nibh.,1984
1152,Mindwalk,132,R,Reality show,Coming soon,Duis bibendum,felis sed interdum venenatis,turpis enim blandit mi,in porttitor pede justo eu massa. Donec dapibus. Duis at velit eu est congue elementum.,2009
1153,Seventh Brother,The (A hetedik testvér),228,PG,Drama,Now showing,Curabitur at ipsum ac tellus semper interdum. Mauris ullamcorper purus sit amet nulla. Quisque arcu libero,rutrum ac,lobortis vel,dapibus at,diam.,1993
1154,Inserts,135,PG-13,Drama,Coming soon,Duis bibendum,felis sed interdum venenatis,turpis enim blandit mi,in porttitor pede justo eu massa. Donec dapibus. Duis at velit eu est congue elementum.,2000
1155,The Big One: The Great Los Angeles Earthquake,168,G,Anime,Now showing,Vestibulum ac est lacinia nisi venenatis tristique. Fusce congue,diam id ornare imperdiet,sapien urna pretium nisl,ut volutpat sapien arcu sed augue. Aliquam erat volutpat.,2006
1156,Letters to Father Jacob (Postia pappi Jaakobille),189,PG-13,K-Drama,Coming soon,Maecenas ut massa quis augue luctus tincidunt. Nulla mollis molestie lorem. Quisque ut erat.,1996
1162,Art of the Steal,The,169,PG-13,Movie,Coming soon,Duis bibendum,felis sed interdum venenatis,turpis enim blandit mi,in porttitor pede justo eu massa. Donec dapibus. Duis at velit eu est congue elementum.,1993
1166,Wah-Wah,198,X,Drama,Now showing,Fusce posuere felis sed lacus. Morbi sem mauris,laoreet ut,rhoncus aliquet,pulvinar sed,nisl. Nunc rhoncus dui vel sem.,1985
1171,Like Mike,143,PG,Reality show,Coming soon,Fusce posuere felis sed lacus. Morbi sem mauris,laoreet ut,rhoncus aliquet,pulvinar sed,nisl. Nunc rhoncus dui vel sem.,1993
1173,Arch of Triumph,148,R,Anime,Now showing,In congue. Etiam justo. Etiam pretium iaculis justo.,2000
1175,Face to Face (Ansikte mot ansikte),207,G,Anime,Coming soon,Morbi porttitor lorem id ligula. Suspendisse ornare consequat lectus. In est risus,auctor sed,tristique in,tempus sit amet,sem.,2000
1176,Superman/Doomsday ,143,PG-13,K-Drama,Coming soon,Praesent blandit. Nam nulla. Integer pede justo,lacinia eget,tincidunt eget,tempus vel,pede.,1999
1177,It Felt Like a Kiss,137,R,Anime,Coming soon,In sagittis dui vel nisl. Duis ac nibh. Fusce lacus purus,aliquet at,feugiat non,pretium quis,lectus.,1996
1181,Viimeiset rotannahat ,211,G,Reality show,Now showing,Morbi non lectus. Aliquam sit amet diam in magna bibendum imperdiet. Nullam orci pede,venenatis non,sodales sed,tincidunt eu,felis.,1993
1182,Blood Shot,183,PG,Movie,Coming soon,In hac habitasse platea dictumst. Morbi vestibulum,velit id pretium iaculis,diam erat fermentum justo,nec condimentum neque sapien placerat ante. Nulla justo.,2008
1193,La Morte Rouge,213,G,Reality show,Coming soon,Phasellus in felis. Donec semper sapien a libero. Nam dui.,2007
1194,Sound of My Voice,160,PG,Anime,Coming soon,Maecenas ut massa quis augue luctus tincidunt. Nulla mollis molestie lorem. Quisque ut erat.,2007
1198,Longest Yard,The,247,PG-13,Reality show,Coming soon,Quisque porta volutpat erat. Quisque erat eros,viverra eget,congue eget,semper rutrum,nulla. Nunc purus.,2004
1202,Mind Game,219,R,Anime,Coming soon,Fusce consequat. Nulla nisl. Nunc nisl.,1988
1204,Who Is Harry Nilsson (And Why Is Everybody Talkin'' About Him?),188,PG,Anime,Now showing,Fusce consequat. Nulla nisl. Nunc nisl.,2007
1206,Son of Rambow,143,PG,Reality show,Now showing,Sed ante. Vivamus tortor. Duis mattis egestas metus.,2009
1207,Neon Genesis Evangelion: The End of Evangelion (Shin seiki Evangelion Gekijô-ban: Air/Magokoro wo,kimi ni),120,PG,Anime,Now showing,In quis justo. Maecenas rhoncus aliquam lacus. Morbi quis tortor id nulla ultrices aliquet.,1985
1209,Invitation to a Gunfighter,187,G,Movie,Coming soon,Maecenas ut massa quis augue luctus tincidunt. Nulla mollis molestie lorem. Quisque ut erat.,2005
1210,Oxford Murders,The,208,PG,Anime,Now showing,Maecenas leo odio,condimentum id,luctus nec,molestie sed,justo. Pellentesque viverra pede ac diam. Cras pellentesque volutpat dui.,1990
1211,40 Pounds of Trouble,123,X,Anime,Now showing,Maecenas leo odio,condimentum id,luctus nec,molestie sed,justo. Pellentesque viverra pede ac diam. Cras pellentesque volutpat dui.,2012
1213,Legend of Suram Fortress,The (Ambavi Suramis tsikhitsa) ,149,R,Movie,Coming soon,Duis consequat dui nec nisi volutpat eleifend. Donec ut dolor. Morbi vel lectus in quam fringilla rhoncus.,1998
1220,Juvenile Court,146,X,Movie,Now showing,Curabitur at ipsum ac tellus semper interdum. Mauris ullamcorper purus sit amet nulla. Quisque arcu libero,rutrum ac,lobortis vel,dapibus at,diam.,2004
1227,Talk Radio,133,G,K-Drama,Coming soon,Integer tincidunt ante vel ipsum. Praesent blandit lacinia erat. Vestibulum sed magna at nunc commodo placerat.,1988
1231,Portraits Chinois,163,R,K-Drama,Coming soon,Duis bibendum. Morbi non quam nec dui luctus rutrum. Nulla tellus.,2011
1235,Secret Society,211,R,Movie,Coming soon,Integer tincidunt ante vel ipsum. Praesent blandit lacinia erat. Vestibulum sed magna at nunc commodo placerat.,1999
1239,My Kidnapper,165,PG-13,Reality show,Coming soon,Quisque id justo sit amet sapien dignissim vestibulum. Vestibulum ante ipsum primis in faucibus orci luctus et ultrices posuere cubilia Curae; Nulla dapibus dolor vel est. Donec odio justo,sollicitudin ut,suscipit a,feugiat et,eros.,2006
1243,House Party 2,144,X,Reality show,Coming soon,Nullam sit amet turpis elementum ligula vehicula consequat. Morbi a ipsum. Integer a nibh.,2011
1245,Madonna''s Pig,202,X,Movie,Coming soon,Sed sagittis. Nam congue,risus semper porta volutpat,quam pede lobortis ligula,sit amet eleifend pede libero quis orci. Nullam molestie nibh in lectus.,2007
1249,Fighting Sullivans,The (Sullivans,The),176,X,Movie,Coming soon,Aenean lectus. Pellentesque eget nunc. Donec quis orci eget orci vehicula condimentum.,1990
1250,Shrine,The,178,PG,K-Drama,Now showing,Praesent id massa id nisl venenatis lacinia. Aenean sit amet justo. Morbi ut odio.,2001
1256,Second Skin (Segunda Piel),233,PG,K-Drama,Now showing,Integer ac leo. Pellentesque ultrices mattis odio. Donec vitae nisi.,1994
1257,Lonely Place to Die,A,217,X,K-Drama,Coming soon,In quis justo. Maecenas rhoncus aliquam lacus. Morbi quis tortor id nulla ultrices aliquet.,1993
1258,Noroi: The Curse ,216,PG-13,Drama,Now showing,Proin eu mi. Nulla ac enim. In tempor,turpis nec euismod scelerisque,quam turpis adipiscing lorem,vitae mattis nibh ligula nec sem.,2012
1259,L''antisémite,135,X,Movie,Coming soon,Fusce consequat. Nulla nisl. Nunc nisl.,2001
1260,People in Places,215,X,Anime,Now showing,Praesent id massa id nisl venenatis lacinia. Aenean sit amet justo. Morbi ut odio.,2003
1271,Haywire,137,PG-13,Movie,Now showing,Morbi non lectus. Aliquam sit amet diam in magna bibendum imperdiet. Nullam orci pede,venenatis non,sodales sed,tincidunt eu,felis.,1994
1277,Champion,134,X,K-Drama,Coming soon,Duis aliquam convallis nunc. Proin at turpis a pede posuere nonummy. Integer non velit.,2004
1281,Léon: The Professional (a.k.a. The Professional) (Léon),188,X,Reality show,Now showing,In congue. Etiam justo. Etiam pretium iaculis justo.,2007
1286,Beyond the Black Rainbow,141,X,Anime,Coming soon,Phasellus in felis. Donec semper sapien a libero. Nam dui.,2006
1288,Shock Corridor,187,PG,Anime,Now showing,Morbi non lectus. Aliquam sit amet diam in magna bibendum imperdiet. Nullam orci pede,venenatis non,sodales sed,tincidunt eu,felis.,2005
1290,Rush Hour 2,155,G,Anime,Coming soon,Phasellus sit amet erat. Nulla tempus. Vivamus in felis eu sapien cursus vestibulum.,2011
1292,Gunfight at Dodge City,The,249,PG,Anime,Coming soon,Morbi non lectus. Aliquam sit amet diam in magna bibendum imperdiet. Nullam orci pede,venenatis non,sodales sed,tincidunt eu,felis.,2003
1293,Lady for a Day,230,PG-13,Anime,Now showing,Maecenas ut massa quis augue luctus tincidunt. Nulla mollis molestie lorem. Quisque ut erat.,1999
1295,Accomplices (Complices),196,G,Movie,Now showing,Lorem ipsum dolor sit amet,consectetuer adipiscing elit. Proin risus. Praesent lectus.,1999
1302,Picnic at Hanging Rock,190,PG-13,Anime,Now showing,Quisque porta volutpat erat. Quisque erat eros,viverra eget,congue eget,semper rutrum,nulla. Nunc purus.,1997
1304,Run If You Can,213,G,K-Drama,Coming soon,Etiam vel augue. Vestibulum rutrum rutrum neque. Aenean auctor gravida sem.,1989
1306,Flight Command,142,X,Reality show,Coming soon,Sed sagittis. Nam congue,risus semper porta volutpat,quam pede lobortis ligula,sit amet eleifend pede libero quis orci. Nullam molestie nibh in lectus.,1993
1309,Signs,220,R,Movie,Coming soon,Nullam porttitor lacus at turpis. Donec posuere metus vitae ipsum. Aliquam non mauris.,1992
1311,Bob''s Birthday,135,R,Anime,Coming soon,Maecenas ut massa quis augue luctus tincidunt. Nulla mollis molestie lorem. Quisque ut erat.,1998
1312,Lost Boys: The Thirst,222,PG,Anime,Now showing,Suspendisse potenti. In eleifend quam a odio. In hac habitasse platea dictumst.,2012
1314,Sapphires,The,164,X,K-Drama,Coming soon,Phasellus sit amet erat. Nulla tempus. Vivamus in felis eu sapien cursus vestibulum.,2012
1320,Hotel Pacific (Zaklete rewiry),133,R,Anime,Now showing,Quisque id justo sit amet sapien dignissim vestibulum. Vestibulum ante ipsum primis in faucibus orci luctus et ultrices posuere cubilia Curae; Nulla dapibus dolor vel est. Donec odio justo,sollicitudin ut,suscipit a,feugiat et,eros.,2011
1323,Shoot the Piano Player (Tirez sur le pianiste),146,PG-13,Anime,Now showing,In quis justo. Maecenas rhoncus aliquam lacus. Morbi quis tortor id nulla ultrices aliquet.,1997
1324,Breakout,220,G,Movie,Coming soon,Maecenas tristique,est et tempus semper,est quam pharetra magna,ac consequat metus sapien ut nunc. Vestibulum ante ipsum primis in faucibus orci luctus et ultrices posuere cubilia Curae; Mauris viverra diam vitae quam. Suspendisse potenti.,1996
1328,Square,The (Al Midan),236,PG-13,Anime,Coming soon,Pellentesque at nulla. Suspendisse potenti. Cras in purus eu magna vulputate luctus.,1988
1329,Eastwood on Eastwood,139,X,Movie,Now showing,Curabitur in libero ut massa volutpat convallis. Morbi odio odio,elementum eu,interdum eu,tincidunt in,leo. Maecenas pulvinar lobortis est.,2006
1332,Adventure in Baltimore,207,G,Movie,Coming soon,Duis aliquam convallis nunc. Proin at turpis a pede posuere nonummy. Integer non velit.,2012
1334,Defying Gravity,137,G,Reality show,Coming soon,Proin leo odio,porttitor id,consequat in,consequat ut,nulla. Sed accumsan felis. Ut at dolor quis odio consequat varius.,2013
1335,Electric House,The,247,G,K-Drama,Coming soon,Aenean lectus. Pellentesque eget nunc. Donec quis orci eget orci vehicula condimentum.,1997
1336,Destiny in Space,127,PG-13,Anime,Now showing,Nullam sit amet turpis elementum ligula vehicula consequat. Morbi a ipsum. Integer a nibh.,2008
1337,Torn Curtain,243,X,K-Drama,Now showing,Cras mi pede,malesuada in,imperdiet et,commodo vulputate,justo. In blandit ultrices enim. Lorem ipsum dolor sit amet,consectetuer adipiscing elit.,2010
1342,Tiresia,219,PG,Reality show,Coming soon,Proin interdum mauris non ligula pellentesque ultrices. Phasellus id sapien in sapien iaculis congue. Vivamus metus arcu,adipiscing molestie,hendrerit at,vulputate vitae,nisl.,2012
1343,Carrie,112,PG,Reality show,Now showing,Quisque id justo sit amet sapien dignissim vestibulum. Vestibulum ante ipsum primis in faucibus orci luctus et ultrices posuere cubilia Curae; Nulla dapibus dolor vel est. Donec odio justo,sollicitudin ut,suscipit a,feugiat et,eros.,2009
1345,Ouija,186,R,Reality show,Now showing,Sed sagittis. Nam congue,risus semper porta volutpat,quam pede lobortis ligula,sit amet eleifend pede libero quis orci. Nullam molestie nibh in lectus.,1993
1346,Cold Water (Eau Froide,L''),136,PG-13,Movie,Now showing,In quis justo. Maecenas rhoncus aliquam lacus. Morbi quis tortor id nulla ultrices aliquet.,2012
1352,Freedomland,228,PG-13,K-Drama,Now showing,Duis bibendum,felis sed interdum venenatis,turpis enim blandit mi,in porttitor pede justo eu massa. Donec dapibus. Duis at velit eu est congue elementum.,1987
1355,For Love or Money,234,PG-13,Anime,Coming soon,Nullam sit amet turpis elementum ligula vehicula consequat. Morbi a ipsum. Integer a nibh.,1993
1359,Fermat''s Room (La habitación de Fermat),113,R,Reality show,Coming soon,Aliquam quis turpis eget elit sodales scelerisque. Mauris sit amet eros. Suspendisse accumsan tortor quis turpis.,1993
1361,Bounty,The,191,R,K-Drama,Now showing,Maecenas ut massa quis augue luctus tincidunt. Nulla mollis molestie lorem. Quisque ut erat.,2005
1365,Song of the Little Road (Pather Panchali),235,PG-13,Drama,Now showing,Phasellus in felis. Donec semper sapien a libero. Nam dui.,1996
1366,Dagon,146,PG,K-Drama,Coming soon,Maecenas leo odio,condimentum id,luctus nec,molestie sed,justo. Pellentesque viverra pede ac diam. Cras pellentesque volutpat dui.,2009
1367,Encore,174,PG,Reality show,Now showing,Phasellus in felis. Donec semper sapien a libero. Nam dui.,1987
1371,Case départ,236,R,K-Drama,Now showing,Nulla ut erat id mauris vulputate elementum. Nullam varius. Nulla facilisi.,1994
1372,Amen,197,R,Reality show,Coming soon,Vestibulum ac est lacinia nisi venenatis tristique. Fusce congue,diam id ornare imperdiet,sapien urna pretium nisl,ut volutpat sapien arcu sed augue. Aliquam erat volutpat.,2000
1377,Three Musketeers,The,143,PG-13,Anime,Now showing,Phasellus sit amet erat. Nulla tempus. Vivamus in felis eu sapien cursus vestibulum.,2010
1380,Vibes,147,G,Movie,Now showing,Aenean fermentum. Donec ut mauris eget massa tempor convallis. Nulla neque libero,convallis eget,eleifend luctus,ultricies eu,nibh.,2010
1382,Burning Secret,213,PG,Anime,Now showing,Vestibulum quam sapien,varius ut,blandit non,interdum in,ante. Vestibulum ante ipsum primis in faucibus orci luctus et ultrices posuere cubilia Curae; Duis faucibus accumsan odio. Curabitur convallis.,1995
1383,Assassin Next Door,The (Kirot),197,PG-13,Reality show,Now showing,Duis bibendum,felis sed interdum venenatis,turpis enim blandit mi,in porttitor pede justo eu massa. Donec dapibus. Duis at velit eu est congue elementum.,1992
1390,Four Nights with Anna (Cztery noce z Anna),182,X,Drama,Coming soon,Duis aliquam convallis nunc. Proin at turpis a pede posuere nonummy. Integer non velit.,1999
1393,Nutty Professor,The,233,G,K-Drama,Coming soon,Nulla ut erat id mauris vulputate elementum. Nullam varius. Nulla facilisi.,1994
1399,Little Shop of Horrors,The,246,X,Anime,Coming soon,Morbi porttitor lorem id ligula. Suspendisse ornare consequat lectus. In est risus,auctor sed,tristique in,tempus sit amet,sem.,1995
1400,Saimaa Gesture,The (Saimaa-ilmiö),195,G,Drama,Now showing,Nam ultrices,libero non mattis pulvinar,nulla pede ullamcorper augue,a suscipit nulla elit ac nulla. Sed vel enim sit amet nunc viverra dapibus. Nulla suscipit ligula in lacus.,2000
1401,Texas Chainsaw Massacre: The Next Generation (a.k.a. The Return of the Texas Chainsaw Massacre),245,G,Movie,Coming soon,Fusce consequat. Nulla nisl. Nunc nisl.,2010
1402,Behind Enemy Lines,159,G,Drama,Coming soon,Phasellus in felis. Donec semper sapien a libero. Nam dui.,1992
1408,Meek''s Cutoff,126,PG,K-Drama,Coming soon,Maecenas ut massa quis augue luctus tincidunt. Nulla mollis molestie lorem. Quisque ut erat.,2011
1409,Mask,The,190,G,Reality show,Coming soon,Aenean fermentum. Donec ut mauris eget massa tempor convallis. Nulla neque libero,convallis eget,eleifend luctus,ultricies eu,nibh.,2008
1410,Big Deal on Madonna Street (I Soliti Ignoti),235,PG,Anime,Coming soon,Nam ultrices,libero non mattis pulvinar,nulla pede ullamcorper augue,a suscipit nulla elit ac nulla. Sed vel enim sit amet nunc viverra dapibus. Nulla suscipit ligula in lacus.,2009
1412,Perched on a Tree (Sur un arbre perché),168,PG,Drama,Coming soon,Aliquam quis turpis eget elit sodales scelerisque. Mauris sit amet eros. Suspendisse accumsan tortor quis turpis.,2012
1414,Return of the Living Dead 3,202,PG,Drama,Now showing,In congue. Etiam justo. Etiam pretium iaculis justo.,1989
1424,Black Cat,The,135,X,Reality show,Coming soon,Proin interdum mauris non ligula pellentesque ultrices. Phasellus id sapien in sapien iaculis congue. Vivamus metus arcu,adipiscing molestie,hendrerit at,vulputate vitae,nisl.,2005
1425,Bridges of Madison County,The,217,R,Anime,Coming soon,Proin interdum mauris non ligula pellentesque ultrices. Phasellus id sapien in sapien iaculis congue. Vivamus metus arcu,adipiscing molestie,hendrerit at,vulputate vitae,nisl.,2008
1429,Choose Me,198,R,Reality show,Coming soon,Maecenas tristique,est et tempus semper,est quam pharetra magna,ac consequat metus sapien ut nunc. Vestibulum ante ipsum primis in faucibus orci luctus et ultrices posuere cubilia Curae; Mauris viverra diam vitae quam. Suspendisse potenti.,1995
1430,Gods of the Plague (Götter der Pest),169,PG,Movie,Coming soon,In quis justo. Maecenas rhoncus aliquam lacus. Morbi quis tortor id nulla ultrices aliquet.,2011
1432,Family Affair ,187,R,Movie,Now showing,Vestibulum ac est lacinia nisi venenatis tristique. Fusce congue,diam id ornare imperdiet,sapien urna pretium nisl,ut volutpat sapien arcu sed augue. Aliquam erat volutpat.,2000
1433,Ayn Rand: A Sense of Life,137,R,Drama,Coming soon,Nullam porttitor lacus at turpis. Donec posuere metus vitae ipsum. Aliquam non mauris.,2009
1442,Missing in Action,204,X,Reality show,Now showing,Curabitur in libero ut massa volutpat convallis. Morbi odio odio,elementum eu,interdum eu,tincidunt in,leo. Maecenas pulvinar lobortis est.,2004
1444,Expect No Mercy,190,X,Anime,Now showing,Nullam sit amet turpis elementum ligula vehicula consequat. Morbi a ipsum. Integer a nibh.,1990
1452,New Police Story (Xin jing cha gu shi),140,X,Anime,Now showing,Nullam porttitor lacus at turpis. Donec posuere metus vitae ipsum. Aliquam non mauris.,2007
1455,Hell (L''enfer),188,PG-13,K-Drama,Coming soon,In hac habitasse platea dictumst. Etiam faucibus cursus urna. Ut tellus.,2012
1457,TiMER,153,PG-13,Reality show,Now showing,Praesent blandit. Nam nulla. Integer pede justo,lacinia eget,tincidunt eget,tempus vel,pede.,2004
1458,Wizard of Oz,The,236,R,K-Drama,Now showing,Morbi porttitor lorem id ligula. Suspendisse ornare consequat lectus. In est risus,auctor sed,tristique in,tempus sit amet,sem.,1999
1460,Our Children (À perdre la raison),132,G,Anime,Coming soon,Vestibulum ac est lacinia nisi venenatis tristique. Fusce congue,diam id ornare imperdiet,sapien urna pretium nisl,ut volutpat sapien arcu sed augue. Aliquam erat volutpat.,2003
1465,Doctor Strange,207,X,K-Drama,Now showing,Fusce consequat. Nulla nisl. Nunc nisl.,2003
1473,Guns of Fort Petticoat,The,142,G,Reality show,Now showing,Quisque porta volutpat erat. Quisque erat eros,viverra eget,congue eget,semper rutrum,nulla. Nunc purus.,2011
1478,Tentacles (Tentacoli),175,PG,Drama,Now showing,Praesent blandit. Nam nulla. Integer pede justo,lacinia eget,tincidunt eget,tempus vel,pede.,2008
1479,Lizard in a Woman''s Skin,A (Lucertola con la pelle di donna,Una),241,R,Reality show,Now showing,Duis bibendum. Morbi non quam nec dui luctus rutrum. Nulla tellus.,2003
1480,Beautiful Creatures,227,G,K-Drama,Now showing,Cras non velit nec nisi vulputate nonummy. Maecenas tincidunt lacus at velit. Vivamus vel nulla eget eros elementum pellentesque.,2011
1488,Endangered Species,118,R,Movie,Coming soon,Phasellus sit amet erat. Nulla tempus. Vivamus in felis eu sapien cursus vestibulum.,2006
1489,28 Days,120,G,Drama,Now showing,In quis justo. Maecenas rhoncus aliquam lacus. Morbi quis tortor id nulla ultrices aliquet.,2006
1492,Traveler,The,207,PG-13,Movie,Coming soon,Morbi porttitor lorem id ligula. Suspendisse ornare consequat lectus. In est risus,auctor sed,tristique in,tempus sit amet,sem.,1986
1494,Louis C.K.: Shameless,243,G,K-Drama,Now showing,Quisque porta volutpat erat. Quisque erat eros,viverra eget,congue eget,semper rutrum,nulla. Nunc purus.,1997
1497,The Inhabited Island,116,PG,K-Drama,Now showing,Phasellus in felis. Donec semper sapien a libero. Nam dui.,1989
1499,Singin'' in the Rain,191,G,K-Drama,Now showing,Nullam porttitor lacus at turpis. Donec posuere metus vitae ipsum. Aliquam non mauris.,1998